{
    "spec": [
        8.276165340908182,
        9.106049738531821,
        20.05816500977963,
        22.638585863680046
    ],
    "unc": [
        8.671821513321213,
        50.711481154901264,
        1.6487721555963284,
        13.089258789547157
    ],
    "spec_weight": 0.22219802969393634,
    "unc_weight": 0.42619413137435913
}