{
    "spec": [
        4.745904129441258,
        7.812783745686587,
        18.305801092797644,
        34.48866172841993
    ],
    "unc": [
        11.521889509143097,
        80.60427993846525,
        1.9124644146381005,
        20.07115148849348
    ],
    "spec_weight": 0.0610412383362101,
    "unc_weight": 0.19221048057079315
}