{
    "spec": [
        4.373053666729461,
        5.703063832063209,
        18.11740322671933,
        28.487951739308254
    ],
    "unc": [
        2.7278732945923077,
        22.706852101886476,
        0.800044378114386,
        59.86461216795832
    ],
    "spec_weight": 0.05650027620215945,
    "unc_weight": 0.4337351322174072
}