{
    "spec": [
        3.2965556425756195,
        3.5831499143649395,
        17.057722312569247,
        28.264161223255137
    ],
    "unc": [
        3.345224701906368,
        29.51040637138618,
        0.5354034236142575,
        47.262325471310206
    ],
    "spec_weight": 0.016819678124901174,
    "unc_weight": 0.4666282534599304
}