{
    "spec": [
        6.0964395955814235,
        7.143259472224565,
        22.615568675798862,
        30.95178130125566
    ],
    "unc": [
        2.9848099800411085,
        14.449835402248334,
        0.41529578113954035,
        50.789506140719546
    ],
    "spec_weight": 0.06580497277443319,
    "unc_weight": 0.29025423526763916
}