{
    "spec": [
        21.1164899154777,
        31.53707639988307,
        10.128571663510662,
        16.99590493011211
    ],
    "unc": [
        1.929633635948187,
        10.288375503302529,
        0.6040473341799253,
        58.375110963889604
    ],
    "spec_weight": 0.5590705735961709,
    "unc_weight": 0.34043455123901367
}