{
    "spec": [
        4.477023784780816,
        6.695902485232811,
        18.642167749427767,
        30.142683418030025
    ],
    "unc": [
        7.3379417701790794,
        55.99921399333737,
        0.4857436288966582,
        10.290526695847834
    ],
    "spec_weight": 0.1342123795262515,
    "unc_weight": 0.4075579047203064
}