{
    "spec": [
        5.439702295016799,
        7.534753383632348,
        16.052895272614688,
        30.728486343978595
    ],
    "unc": [
        0.7286746138150204,
        14.771795542012653,
        0.521511538758695,
        379.2028998900007
    ],
    "spec_weight": 0.13278114122377535,
    "unc_weight": 0.47486570477485657
}