{
    "spec": [
        5.321925169995141,
        5.230772007438968,
        15.73303061490523,
        22.289977956157273
    ],
    "unc": [
        1.5142779814083642,
        15.186158531511415,
        0.825700783551657,
        102.7367641809506
    ],
    "spec_weight": 0.0680012153141227,
    "unc_weight": 0.38847067952156067
}