{
    "spec": [
        14.516867422019521,
        27.16282840083862,
        5.253341950653983,
        9.23528111178396
    ],
    "unc": [
        9.186775933506064,
        109.70385586298345,
        0.4545686519164805,
        19.36907689735107
    ],
    "spec_weight": 0.5474053251171275,
    "unc_weight": 0.2954307496547699
}