{
    "spec": [
        14.362973390000956,
        27.662443885275916,
        5.241131799721424,
        10.2151266634825
    ],
    "unc": [
        6.7747110646002895,
        113.39208308365782,
        0.7559719889130513,
        15.403066254806673
    ],
    "spec_weight": 0.534539043217139,
    "unc_weight": 0.53853839635849
}