{
    "spec": [
        4.329474673325018,
        6.269436088596446,
        14.092557471038614,
        27.089034969991875
    ],
    "unc": [
        2.6205814550618514,
        33.25051159374296,
        0.5046751058675598,
        89.06571508943605
    ],
    "spec_weight": 0.0676429151253514,
    "unc_weight": 0.6231482625007629
}