{
    "spec": [
        4.544368134990979,
        6.710242118139027,
        20.993602767084052,
        35.39453796614851
    ],
    "unc": [
        2.280415830838576,
        27.090757491900856,
        0.7836679081567361,
        103.35241149846519
    ],
    "spec_weight": 0.0643471056418686,
    "unc_weight": 0.42723071575164795
}