{
    "spec": [
        4.633543221065196,
        12.54237238951131,
        4.0964997004043,
        13.150190776242686
    ],
    "unc": [
        0.684121869269323,
        19.21113764423811,
        0.6762712989938053,
        685.8605321261077
    ],
    "spec_weight": 0.2599616701999386,
    "unc_weight": 0.6044864058494568
}