{
    "spec": [
        4.537513326533413,
        12.624586752744037,
        4.081868218582824,
        13.015153720483262
    ],
    "unc": [
        0.684121869269323,
        19.21113764423811,
        0.6762712989938053,
        685.8605321261077
    ],
    "spec_weight": 0.2792530625641292,
    "unc_weight": 0.6044864058494568
}