{
    "spec": [
        2.633758339245647,
        7.827784515283423,
        4.351757318209324,
        16.48080734211126
    ],
    "unc": [
        0.348776656411724,
        14.79850582648204,
        0.45664672034109555,
        1973.6231118176495
    ],
    "spec_weight": 0.28334896135683574,
    "unc_weight": 0.38411062955856323
}