{
    "spec": [
        7.638326308959878,
        6.659991264078062,
        5.030198655154683,
        11.048752688017913
    ],
    "unc": [
        12.285263740889738,
        91.04055094233846,
        1.5105906207318254,
        14.336044874302367
    ],
    "spec_weight": 0.07591349665478371,
    "unc_weight": 0.6086065173149109
}