{
    "spec": [
        3.561626636341082,
        5.668332966995924,
        5.631147253901438,
        12.979486901208789
    ],
    "unc": [
        12.285263740889738,
        91.04055094233846,
        1.5105906207318254,
        14.336044874302367
    ],
    "spec_weight": 0.32470878534804193,
    "unc_weight": 0.6086065173149109
}