{
    "spec": [
        5.778518130013056,
        5.513992197737005,
        5.7509869713697634,
        8.654315659823636
    ],
    "unc": [
        6.855336174613523,
        67.44338118609392,
        2.0932428574205306,
        20.615009356345077
    ],
    "spec_weight": 0.11848485660404422,
    "unc_weight": 0.31678250432014465
}