{
    "spec": [
        4.56520741911646,
        5.818625764101404,
        6.308744371980567,
        9.624845093055196
    ],
    "unc": [
        6.855336174613523,
        67.44338118609392,
        2.0932428574205306,
        20.615009356345077
    ],
    "spec_weight": 0.38086723020492724,
    "unc_weight": 0.31678250432014465
}