{
    "spec": [
        10.596515907270975,
        12.735770043262049,
        5.3932273087741605,
        9.012440946824134
    ],
    "unc": [
        3.6682400892059452,
        30.133525909116216,
        4.4015667525634115,
        113.33575163719458
    ],
    "spec_weight": 0.16346366231602444,
    "unc_weight": 0.5379250049591064
}