{
    "spec": [
        7.790295159102735,
        10.881786797935469,
        4.948927959826242,
        8.488339032431352
    ],
    "unc": [
        3.6682400892059452,
        30.133525909116216,
        4.4015667525634115,
        113.33575163719458
    ],
    "spec_weight": 0.3912400174088866,
    "unc_weight": 0.5379250049591064
}