{
    "spec": [
        10.094268493656514,
        14.45856905533409,
        5.007535612698566,
        7.8191332513990295
    ],
    "unc": [
        1.6901960737288528,
        18.939011165808324,
        0.7395697472650601,
        129.7662895830305
    ],
    "spec_weight": 0.37316523398290413,
    "unc_weight": 0.3929835855960846
}