{
    "spec": [
        9.874721488246376,
        14.174604600883539,
        4.966773754164636,
        7.765046082276232
    ],
    "unc": [
        1.6901960737288528,
        18.939011165808324,
        0.7395697472650601,
        129.7662895830305
    ],
    "spec_weight": 0.39164434260713754,
    "unc_weight": 0.3929835855960846
}