{
    "spec": [
        5.374724055812343,
        7.308580396706648,
        3.2458167404490825,
        5.730379028642739
    ],
    "unc": [
        6.85758114030383,
        32.25462494090187,
        0.7481016711117309,
        21.838522204433918
    ],
    "spec_weight": 0.4092357499632925,
    "unc_weight": 0.3789796829223633
}