{
    "spec": [
        5.466432236512697,
        7.367756853235343,
        3.2763175626271095,
        5.759598594029452
    ],
    "unc": [
        6.85758114030383,
        32.25462494090187,
        0.7481016711117309,
        21.838522204433918
    ],
    "spec_weight": 0.3860066312027076,
    "unc_weight": 0.3789796829223633
}