{
    "spec": [
        3.589291512500551,
        4.162125419280044,
        6.203059918792911,
        9.437336295730614
    ],
    "unc": [
        2.816333160325884,
        16.747183635787206,
        0.5074668326570448,
        46.10998926248809
    ],
    "spec_weight": 0.08002247084377,
    "unc_weight": 0.36121436953544617
}