{
    "spec": [
        4.487565481739469,
        6.085337523658522,
        6.935111587384629,
        10.840786339075775
    ],
    "unc": [
        2.816333160325884,
        16.747183635787206,
        0.5074668326570448,
        46.10998926248809
    ],
    "spec_weight": 0.3449445661093017,
    "unc_weight": 0.36121436953544617
}