{
    "spec": [
        7.044455097921075,
        7.668940816094798,
        5.8346804415560705,
        7.759480305951205
    ],
    "unc": [
        0.8960366738837157,
        9.838217365649804,
        0.5098449867908244,
        140.95446355759353
    ],
    "spec_weight": 0.4340494679206183,
    "unc_weight": 0.34058424830436707
}