{
    "spec": [
        7.510825627222448,
        7.420169154346552,
        6.123165907279641,
        8.0245757941845
    ],
    "unc": [
        0.8960366738837157,
        9.838217365649804,
        0.5098449867908244,
        140.95446355759353
    ],
    "spec_weight": 0.2543116432341705,
    "unc_weight": 0.34058424830436707
}