{
    "spec": [
        4.437775542888894,
        4.193403579698063,
        6.8282453959558485,
        8.45772564491634
    ],
    "unc": [
        3.3371146375176544,
        26.49458676677722,
        0.5569574825463158,
        48.47382770442912
    ],
    "spec_weight": 0.18388346694232188,
    "unc_weight": 0.5636404752731323
}