{
    "spec": [
        5.03625026837375,
        5.169578732739907,
        7.470641546589539,
        9.6686099866765
    ],
    "unc": [
        3.3371146375176544,
        26.49458676677722,
        0.5569574825463158,
        48.47382770442912
    ],
    "spec_weight": 0.40330657110141904,
    "unc_weight": 0.5636404752731323
}