{
    "spec": [
        3.9233950699823277,
        5.698059981751228,
        3.676630763736439,
        7.0754232829552075
    ],
    "unc": [
        0.9844494918636135,
        11.287243082558051,
        0.9546872653191144,
        164.93470932134005
    ],
    "spec_weight": 0.3585987789048079,
    "unc_weight": 0.41235315799713135
}