{
    "spec": [
        4.627527986012442,
        5.372852597395623,
        3.7288733942485828,
        6.919800246981706
    ],
    "unc": [
        0.9844494918636135,
        11.287243082558051,
        0.9546872653191144,
        164.93470932134005
    ],
    "spec_weight": 0.13607453769753236,
    "unc_weight": 0.41235315799713135
}