{
    "spec": [
        9.208281996952914,
        13.656844548712169,
        4.1687139998548455,
        8.476969151380326
    ],
    "unc": [
        2.7990600971588955,
        33.735903417433626,
        0.5826216982845382,
        116.60247475984684
    ],
    "spec_weight": 0.39811083500681677,
    "unc_weight": 0.5166119933128357
}