{
    "spec": [
        9.376345772860423,
        13.847875893723485,
        4.1919231132061965,
        8.487678705478821
    ],
    "unc": [
        2.7990600971588955,
        33.735903417433626,
        0.5826216982845382,
        116.60247475984684
    ],
    "spec_weight": 0.3847515216689213,
    "unc_weight": 0.5166119933128357
}