{
    "spec": [
        7.19065844471201,
        9.914126474237017,
        4.154352220181198,
        8.580247013801092
    ],
    "unc": [
        2.900087963319439,
        37.865669063193664,
        0.6105592577621948,
        119.1548278034503
    ],
    "spec_weight": 0.3483745804315238,
    "unc_weight": 0.588543176651001
}