{
    "spec": [
        13.496489806648976,
        15.644746333995283,
        4.315514202790104,
        8.225637293078728
    ],
    "unc": [
        2.900087963319439,
        37.865669063193664,
        0.6105592577621948,
        119.1548278034503
    ],
    "spec_weight": 0.12545116483272212,
    "unc_weight": 0.588543176651001
}