{
    "spec": [
        8.01570367706923,
        13.077582760263232,
        5.12995073631847,
        10.679665140807858
    ],
    "unc": [
        0.4333913367459343,
        7.745101986242412,
        0.49601596099081785,
        826.5997607518159
    ],
    "spec_weight": 0.32643904536897045,
    "unc_weight": 0.47632694244384766
}