{
    "spec": [
        7.90542724867273,
        12.96658460919685,
        5.1125859181008995,
        10.673051084947785
    ],
    "unc": [
        0.4333913367459343,
        7.745101986242412,
        0.49601596099081785,
        826.5997607518159
    ],
    "spec_weight": 0.34134184124193784,
    "unc_weight": 0.47632694244384766
}