{
    "spec": [
        10.291212765373341,
        17.865723668748494,
        4.115127918155734,
        10.49061685117804
    ],
    "unc": [
        0.4146158788438313,
        11.317810343407677,
        0.4122022460915572,
        836.2330160361985
    ],
    "spec_weight": 0.35384993711409995,
    "unc_weight": 0.47595834732055664
}