{
    "spec": [
        10.106621426251571,
        17.612180769467823,
        4.100509507039091,
        10.499786098380104
    ],
    "unc": [
        0.4146158788438313,
        11.317810343407677,
        0.4122022460915572,
        836.2330160361985
    ],
    "spec_weight": 0.36453570205788416,
    "unc_weight": 0.47595834732055664
}