{
    "spec": [
        9.952471297450591,
        20.452030650964968,
        4.492383251571012,
        10.376533262011725
    ],
    "unc": [
        1.369915210191762,
        13.333330904483189,
        0.6692174945846605,
        104.01128286591637
    ],
    "spec_weight": 0.35188050913964264,
    "unc_weight": 0.28488868474960327
}