{
    "spec": [
        10.107498148670034,
        20.72038736349569,
        4.519241330640007,
        10.430862962072228
    ],
    "unc": [
        1.369915210191762,
        13.333330904483189,
        0.6692174945846605,
        104.01128286591637
    ],
    "spec_weight": 0.3405980306651835,
    "unc_weight": 0.28488868474960327
}