{
    "spec": [
        6.548702211475251,
        12.515148428699337,
        2.908832261379224,
        7.610248083401085
    ],
    "unc": [
        7.7839859104609745,
        89.89572239926194,
        0.5002304884773896,
        18.180375850412105
    ],
    "spec_weight": 0.4279264380819394,
    "unc_weight": 0.24389466643333435
}