{
    "spec": [
        6.663889752649895,
        12.670796926278506,
        2.9328205268062653,
        7.639774083444578
    ],
    "unc": [
        7.7839859104609745,
        89.89572239926194,
        0.5002304884773896,
        18.180375850412105
    ],
    "spec_weight": 0.41315814248644006,
    "unc_weight": 0.24389466643333435
}