{
    "spec": [
        3.251592283516727,
        6.181730532881657,
        4.435584716505273,
        10.253394372663635
    ],
    "unc": [
        8.664920297864732,
        170.11318569826358,
        0.8481099956132071,
        19.050303248326358
    ],
    "spec_weight": 0.31650341188718617,
    "unc_weight": 0.3131606876850128
}