{
    "spec": [
        11.444697873102676,
        10.761256220770882,
        4.202380129851209,
        9.667928277318717
    ],
    "unc": [
        8.664920297864732,
        170.11318569826358,
        0.8481099956132071,
        19.050303248326358
    ],
    "spec_weight": 0.05909700576986323,
    "unc_weight": 0.3131606876850128
}