{
    "spec": [
        10.910003605981931,
        15.499901718086146,
        4.353873349224777,
        8.415938975936307
    ],
    "unc": [
        11.554189008585434,
        146.29329775415025,
        0.6352925928215621,
        15.187406596090927
    ],
    "spec_weight": 0.11701323644865344,
    "unc_weight": 0.13359861075878143
}