{
    "spec": [
        6.60949094259866,
        10.856924718283802,
        4.024822825995239,
        8.045400732794654
    ],
    "unc": [
        11.554189008585434,
        146.29329775415025,
        0.6352925928215621,
        15.187406596090927
    ],
    "spec_weight": 0.35473590343070127,
    "unc_weight": 0.13359861075878143
}