{
    "spec": [
        16.25874697534936,
        33.543399810277165,
        6.3941702562990255,
        18.13619498794233
    ],
    "unc": [
        1.488512843114523,
        15.472521023862386,
        0.8389927657924164,
        131.2585593558433
    ],
    "spec_weight": 0.4452419193365561,
    "unc_weight": 0.4386293292045593
}