{
    "spec": [
        16.39311014059827,
        33.77189959231992,
        6.409241303451904,
        18.136821714303345
    ],
    "unc": [
        1.488512843114523,
        15.472521023862386,
        0.8389927657924164,
        131.2585593558433
    ],
    "spec_weight": 0.4392924658608195,
    "unc_weight": 0.4386293292045593
}