{
    "spec": [
        19.18318868954154,
        36.608576534087085,
        6.719536981693698,
        14.039220099446437
    ],
    "unc": [
        0.7601702826712602,
        20.837462057659934,
        0.8391152981486578,
        837.6814680774316
    ],
    "spec_weight": 0.4034201565823483,
    "unc_weight": 0.7003848552703857
}