{
    "spec": [
        13.409537718251785,
        17.429508688182587,
        8.846660889043823,
        19.176086510401948
    ],
    "unc": [
        15.740791362130324,
        44.0512961207317,
        30.24148389828874,
        92.30890695909709
    ],
    "spec_weight": 0.48724808838935924,
    "unc_weight": 0.4042111039161682
}