{
    "spec": [
        11.536960506826802,
        12.964572848183854,
        26.1365738136997,
        29.269770381868952
    ],
    "unc": [
        8.671821513321213,
        50.711481154901264,
        1.6487721555963284,
        13.089258789547157
    ],
    "spec_weight": 0.5713256821162033,
    "unc_weight": 0.42619413137435913
}