{
    "spec": [
        26.720965799998368,
        50.115305088595996,
        26.720965799998368,
        50.115305088595996
    ],
    "unc": [
        11.521889509143097,
        80.60427993846525,
        1.9124644146381005,
        20.07115148849348
    ],
    "spec_weight": NaN,
    "unc_weight": 0.19221048057079315
}