{
    "spec": [
        20.610040754508343,
        32.43077939017599,
        6.492588995188556,
        9.520561175800868
    ],
    "unc": [
        2.7278732945923077,
        22.706852101886476,
        0.800044378114386,
        59.86461216795832
    ],
    "spec_weight": 0.8327805453858901,
    "unc_weight": 0.4337351322174072
}