{
    "spec": [
        19.874249551802187,
        33.31128934284766,
        7.202965221534349,
        10.661327398312688
    ],
    "unc": [
        3.345224701906368,
        29.51040637138618,
        0.5354034236142575,
        47.262325471310206
    ],
    "spec_weight": 0.8469345392680333,
    "unc_weight": 0.4666282534599304
}