{
    "spec": [
        25.725835536241803,
        35.3453913700767,
        8.66058239416847,
        10.987153569495531
    ],
    "unc": [
        2.9848099800411085,
        14.449835402248334,
        0.41529578113954035,
        50.789506140719546
    ],
    "spec_weight": 0.8207131636605622,
    "unc_weight": 0.29025423526763916
}