{
    "spec": [
        26.25856374194992,
        42.45365452280866,
        26.25856374194992,
        42.45365452280866
    ],
    "unc": [
        7.3379417701790794,
        55.99921399333737,
        0.4857436288966582,
        10.290526695847834
    ],
    "spec_weight": NaN,
    "unc_weight": 0.4075579047203064
}