{
    "spec": [
        20.710994715633394,
        32.78770429991387,
        6.2130085005818065,
        10.102599288748902
    ],
    "unc": [
        7.247712364703637,
        77.30824299844434,
        0.4237101350594058,
        11.481847377119387
    ],
    "spec_weight": 0.6925219339883223,
    "unc_weight": 0.37957775592803955
}