{
    "spec": [
        5.925084369721278,
        9.010628401627795,
        17.920160154355308,
        34.580787882568984
    ],
    "unc": [
        0.7286746138150204,
        14.771795542012653,
        0.521511538758695,
        379.2028998900007
    ],
    "spec_weight": 0.21656953092546777,
    "unc_weight": 0.47486570477485657
}