{
    "spec": [
        16.722910253285495,
        23.81064417104437,
        5.830100422143786,
        6.468769093534251
    ],
    "unc": [
        1.5142779814083642,
        15.186158531511415,
        0.825700783551657,
        102.7367641809506
    ],
    "spec_weight": 0.8792035503205579,
    "unc_weight": 0.38847067952156067
}