{
    "spec": [
        5.977835423756826,
        10.336201735495939,
        16.85779445787777,
        32.58686266293623
    ],
    "unc": [
        2.6205814550618514,
        33.25051159374296,
        0.5046751058675598,
        89.06571508943605
    ],
    "spec_weight": 0.23061406275355611,
    "unc_weight": 0.6231482625007629
}