{
    "spec": [
        23.86607565144038,
        40.29557313664169,
        6.7112850222626514,
        10.639628876719675
    ],
    "unc": [
        2.280415830838576,
        27.090757491900856,
        0.7836679081567361,
        103.35241149846519
    ],
    "spec_weight": 0.8370853161958913,
    "unc_weight": 0.42723071575164795
}