{
    "spec": [
        21.422636969382452,
        24.15031494221181,
        9.362277968931659,
        10.403918020338452
    ],
    "unc": [
        8.671821513321213,
        50.711481154901264,
        1.6487721555963284,
        13.089258789547157
    ],
    "spec_weight": 0.6829553822923745,
    "unc_weight": 0.42619413137435913
}