{
    "spec": [
        10.626756096159829,
        9.294448722859487,
        16.664410520030852,
        31.45342440720327
    ],
    "unc": [
        11.521889509143097,
        80.60427993846525,
        1.9124644146381005,
        20.07115148849348
    ],
    "spec_weight": 0.0120331629461345,
    "unc_weight": 0.19221048057079315
}