{
    "spec": [
        3.2870689870317222,
        3.563730083845433,
        17.051636565537315,
        28.25330853251737
    ],
    "unc": [
        3.345224701906368,
        29.51040637138618,
        0.5354034236142575,
        47.262325471310206
    ],
    "spec_weight": 0.016649876500113247,
    "unc_weight": 0.4666282534599304
}