{
    "spec": [
        19.620212153803234,
        31.78976335624458,
        6.254391242423466,
        9.606961602482697
    ],
    "unc": [
        7.3379417701790794,
        55.99921399333737,
        0.4857436288966582,
        10.290526695847834
    ],
    "spec_weight": 0.7609845734329509,
    "unc_weight": 0.4075579047203064
}