{
    "spec": [
        5.408371068324931,
        7.043346655115941,
        15.405844609476603,
        29.401470862040643
    ],
    "unc": [
        0.7286746138150204,
        14.771795542012653,
        0.521511538758695,
        379.2028998900007
    ],
    "spec_weight": 0.10387795267223598,
    "unc_weight": 0.47486570477485657
}