{
    "spec": [
        5.823390172242939,
        4.851642956093335,
        15.192696988525586,
        21.480067439974963
    ],
    "unc": [
        1.5142779814083642,
        15.186158531511415,
        0.825700783551657,
        102.7367641809506
    ],
    "spec_weight": 0.042843074087787175,
    "unc_weight": 0.38847067952156067
}