{
    "spec": [
        10.609368594308807,
        18.852760832604684,
        6.238661817634661,
        15.333368050938022
    ],
    "unc": [
        0.8547864200212799,
        21.871866760727873,
        0.566187712119233,
        648.5443870014358
    ],
    "spec_weight": 0.30141412588931976,
    "unc_weight": 0.645585834980011
}