{
    "spec": [
        5.6739395112509134,
        16.35142269154697,
        5.886928812736795,
        18.977642323306185
    ],
    "unc": [
        0.4221992146033927,
        13.625137086683335,
        0.5772021326818224,
        1489.9969976174
    ],
    "spec_weight": 0.2709428308370924,
    "unc_weight": 0.3128429353237152
}