{
    "spec": [
        4.98709898968119,
        6.007224142094817,
        6.831287470228962,
        11.687976285065554
    ],
    "unc": [
        17.046404600967556,
        68.71188088722147,
        2.7791165742029267,
        12.07515624213194
    ],
    "spec_weight": 0.3079089158091798,
    "unc_weight": 0.7302224636077881
}