{
    "spec": [
        10.067645131037542,
        9.156895694904323,
        8.705629929532055,
        9.595140327844057
    ],
    "unc": [
        1.8821282483313275,
        16.02958767179586,
        5.944247658194885,
        59.43754465954873
    ],
    "spec_weight": 0.4711318379859543,
    "unc_weight": 0.3966231644153595
}