{
    "spec": [
        25.493596832225883,
        41.12409740182675,
        10.49732927907611,
        21.588518380419618
    ],
    "unc": [
        2.32723182987607,
        19.013124681402825,
        3.3153639810200937,
        37.27302799504937
    ],
    "spec_weight": 0.35091940672508043,
    "unc_weight": 0.1989298313856125
}