{
    "spec": [
        14.565349772916724,
        15.95235902504989,
        8.738343836879723,
        9.906836336552871
    ],
    "unc": [
        2.5926369187165412,
        22.317024949558146,
        0.7492689954955748,
        69.23442279234403
    ],
    "spec_weight": 0.4493004853610396,
    "unc_weight": 0.43430665135383606
}