{
    "spec": [
        13.813557639040436,
        13.539601465218983,
        5.227613462144036,
        6.433317580140323
    ],
    "unc": [
        8.587824884556026,
        44.716179834716016,
        0.5547180261439262,
        8.480672607449238
    ],
    "spec_weight": 0.40327469500704566,
    "unc_weight": 0.34020939469337463
}