{
    "spec": [
        14.036602900399668,
        16.094178219119026,
        6.951506533159475,
        8.26341189301321
    ],
    "unc": [
        4.42981183893337,
        23.923141009865287,
        0.5846187638438152,
        39.28622303613751
    ],
    "spec_weight": 0.45613846074192194,
    "unc_weight": 0.4280618131160736
}