{
    "spec": [
        8.52038227630525,
        6.968481277227698,
        14.36801574263483,
        12.238272080618465
    ],
    "unc": [
        0.5238822527328096,
        5.802187200891121,
        0.383739300728247,
        342.2914043148413
    ],
    "spec_weight": 0.4798830990209803,
    "unc_weight": 0.4453887939453125
}