{
    "spec": [
        9.048468246091652,
        8.157834207058466,
        11.918365530247327,
        12.269389747507391
    ],
    "unc": [
        5.28354454909355,
        30.78520184040361,
        0.6087544708365975,
        7.461435025153011
    ],
    "spec_weight": 0.4539120451136427,
    "unc_weight": 0.46432894468307495
}