{
    "spec": [
        11.95756216451557,
        13.169513599767983,
        6.8066658477947515,
        9.832376272615138
    ],
    "unc": [
        1.377704282584062,
        12.357617559952368,
        0.699301635934922,
        109.21134370898953
    ],
    "spec_weight": 0.3941559711646056,
    "unc_weight": 0.3566516041755676
}