{
    "spec": [
        23.382842870293594,
        37.08626504065568,
        7.603112205741734,
        14.93068523072556
    ],
    "unc": [
        6.810305919978653,
        50.4942322293275,
        0.470411969138181,
        9.956366659364251
    ],
    "spec_weight": 0.5359027667630649,
    "unc_weight": 0.48489704728126526
}