{
    "spec": [
        22.25492835249906,
        35.08388629331503,
        7.062649758044536,
        15.388634717357371
    ],
    "unc": [
        7.647537124469056,
        96.06600044188353,
        0.629209274227878,
        17.0183618108644
    ],
    "spec_weight": 0.37252698642173876,
    "unc_weight": 0.4264681935310364
}