{
    "spec": [
        14.263525537052697,
        16.145325843939254,
        7.3436046465258835,
        10.568334229821069
    ],
    "unc": [
        1.4502083255396285,
        13.75567910252405,
        0.5094334884577576,
        152.17036996926578
    ],
    "spec_weight": 0.3658655884799595,
    "unc_weight": 0.3724178075790405
}