{
    "spec": [
        20.534740288928525,
        29.401798159507916,
        6.745561376747156,
        11.807335141094196
    ],
    "unc": [
        0.9691919453623377,
        16.04614865253611,
        0.4847523089807052,
        301.2558966325543
    ],
    "spec_weight": 0.42238079272093515,
    "unc_weight": 0.44944652915000916
}