{
    "spec": [
        5.761925281439547,
        9.105750651595057,
        14.618456248136177,
        21.62088854670918
    ],
    "unc": [
        1.7143653966186412,
        19.03030999838671,
        0.544317504877529,
        123.42027331053619
    ],
    "spec_weight": 0.3538117292177595,
    "unc_weight": 0.36228644847869873
}