{
    "spec": [
        17.1335538990274,
        26.92878371946075,
        5.140993070570213,
        10.630303227722312
    ],
    "unc": [
        4.695685479814989,
        50.93669382429355,
        0.5308226076193681,
        51.070025458001524
    ],
    "spec_weight": 0.30371142101474424,
    "unc_weight": 0.4712934195995331
}