{
    "spec": [
        17.84389045484872,
        36.74790890453549,
        6.862869646509242,
        20.829746393565927
    ],
    "unc": [
        7.183700943405665,
        117.44226396904307,
        1.0831633118775723,
        19.549204524425342
    ],
    "spec_weight": 0.29000543340556856,
    "unc_weight": 0.4670247435569763
}