{
    "spec": [
        20.769021993487744,
        37.232984558657904,
        8.363870762706375,
        19.26191410688439
    ],
    "unc": [
        7.718957599299813,
        92.17130699280949,
        0.569783271477433,
        13.754937329314032
    ],
    "spec_weight": 0.33462106455827767,
    "unc_weight": 0.23343916237354279
}