{
    "spec": [
        27.292226497554395,
        44.45242723010999,
        10.079881184614973,
        19.36774967550309
    ],
    "unc": [
        2.1760301254050605,
        22.406534321726802,
        0.8915871770660555,
        100.09797240366181
    ],
    "spec_weight": 0.4989146103912718,
    "unc_weight": 0.4026589095592499
}