{
    "spec": [
        2.876543555672904,
        5.150705624642307,
        10.052416853834355,
        20.369248456471222
    ],
    "unc": [
        0.7601702826712602,
        20.837462057659934,
        0.8391152981486578,
        837.6814680774316
    ],
    "spec_weight": 0.040593032320536036,
    "unc_weight": 0.7003848552703857
}