{
    "spec": [
        2.6876361154740875,
        5.792385715714075,
        9.562439926268887,
        22.597823948688347
    ],
    "unc": [
        0.36722414185250324,
        13.54342286260819,
        0.5608416549628248,
        1862.1947515524732
    ],
    "spec_weight": 0.05293227341313137,
    "unc_weight": 0.34220656752586365
}