{
    "spec": [
        17.712428005391505,
        39.67414392791878,
        6.310848293062552,
        15.28204453418009
    ],
    "unc": [
        0.36722414185250324,
        13.54342286260819,
        0.5608416549628248,
        1862.1947515524732
    ],
    "spec_weight": 0.38497408478810324,
    "unc_weight": 0.34220656752586365
}