{
    "spec": [
        45.16276971301224,
        52.53171426517402,
        7.262246459141163,
        12.753996179778609
    ],
    "unc": [
        15.740791362130324,
        44.0512961207317,
        30.24148389828874,
        92.30890695909709
    ],
    "spec_weight": 0.11132426107319164,
    "unc_weight": 0.4042111039161682
}