{
    "spec": [
        3.995749261032222,
        3.7673739280638157,
        16.818795603405203,
        18.97759217395455
    ],
    "unc": [
        8.671821513321213,
        50.711481154901264,
        1.6487721555963284,
        13.089258789547157
    ],
    "spec_weight": 0.027861788417290395,
    "unc_weight": 0.42619413137435913
}