{
    "spec": [
        4.7565581544517395,
        7.835675604355804,
        18.3155833655204,
        34.507405017682345
    ],
    "unc": [
        11.521889509143097,
        80.60427993846525,
        1.9124644146381005,
        20.07115148849348
    ],
    "spec_weight": 0.061429623406488394,
    "unc_weight": 0.19221048057079315
}