{
    "spec": [
        20.604416158856242,
        32.421954162988456,
        6.488452923763899,
        9.513395968859465
    ],
    "unc": [
        2.7278732945923077,
        22.706852101886476,
        0.800044378114386,
        59.86461216795832
    ],
    "spec_weight": 0.8330548862504931,
    "unc_weight": 0.4337351322174072
}