{
    "spec": [
        4.313693810351465,
        5.5876197770984275,
        18.052452279743136,
        28.384192124971992
    ],
    "unc": [
        2.7278732945923077,
        22.706852101886476,
        0.800044378114386,
        59.86461216795832
    ],
    "spec_weight": 0.05413417063947477,
    "unc_weight": 0.4337351322174072
}