{
    "spec": [
        4.096812334198522,
        4.9527503312063805,
        15.120684854570701,
        18.719991306082328
    ],
    "unc": [
        11.572409759091196,
        53.92360914830708,
        0.9755835691621466,
        10.889466299873495
    ],
    "spec_weight": 0.11411597579052196,
    "unc_weight": 0.31829577684402466
}