{
    "spec": [
        18.117328122524235,
        22.21599260644192,
        5.815130301843401,
        7.301060513396132
    ],
    "unc": [
        11.572409759091196,
        53.92360914830708,
        0.9755835691621466,
        10.889466299873495
    ],
    "spec_weight": 0.7279170698340713,
    "unc_weight": 0.31829577684402466
}