{
    "spec": [
        3.286955833733932,
        3.56349793905312,
        17.05156377114165,
        28.253178728565736
    ],
    "unc": [
        3.345224701906368,
        29.51040637138618,
        0.5354034236142575,
        47.262325471310206
    ],
    "spec_weight": 0.016647850736179318,
    "unc_weight": 0.4666282534599304
}