{
    "spec": [
        3.2886049161598225,
        3.566879976661677,
        17.052624179777922,
        28.25506962898062
    ],
    "unc": [
        3.345224701906368,
        29.51040637138618,
        0.5354034236142575,
        47.262325471310206
    ],
    "spec_weight": 0.016677372812654558,
    "unc_weight": 0.4666282534599304
}