{
    "spec": [
        5.176508834445943,
        5.686247952791871,
        21.74337598687951,
        29.714298666354182
    ],
    "unc": [
        2.9848099800411085,
        14.449835402248334,
        0.41529578113954035,
        50.789506140719546
    ],
    "spec_weight": 0.0396106444672491,
    "unc_weight": 0.29025423526763916
}