{
    "spec": [
        27.054212934947635,
        37.215911084800645,
        9.47107346872046,
        12.174876030819242
    ],
    "unc": [
        2.9848099800411085,
        14.449835402248334,
        0.41529578113954035,
        50.789506140719546
    ],
    "spec_weight": 0.7703092488137648,
    "unc_weight": 0.29025423526763916
}