{
    "spec": [
        6.821224322643414,
        7.074217831587355,
        19.083480282502467,
        22.703652200526008
    ],
    "unc": [
        5.735996320207316,
        32.55346231998464,
        0.9846217168825869,
        10.13039586691947
    ],
    "spec_weight": 0.09587315195928663,
    "unc_weight": 0.4586969017982483
}