{
    "spec": [
        22.163840343529305,
        26.62283264004342,
        9.4463675019289,
        10.434384023852509
    ],
    "unc": [
        5.735996320207316,
        32.55346231998464,
        0.9846217168825869,
        10.13039586691947
    ],
    "spec_weight": 0.7272661644169354,
    "unc_weight": 0.4586969017982483
}