{
    "spec": [
        5.291385664265443,
        9.49994957068089,
        15.635654662545484,
        24.38220964753609
    ],
    "unc": [
        1.929633635948187,
        10.288375503302529,
        0.6040473341799253,
        58.375110963889604
    ],
    "spec_weight": 0.05755153768090986,
    "unc_weight": 0.34043455123901367
}