{
    "spec": [
        4.438671232655514,
        6.630462467794389,
        18.57435572900929,
        30.031853987586572
    ],
    "unc": [
        7.3379417701790794,
        55.99921399333737,
        0.4857436288966582,
        10.290526695847834
    ],
    "spec_weight": 0.13162171369947223,
    "unc_weight": 0.4075579047203064
}