{
    "spec": [
        4.536728088154998,
        7.312157390105985,
        17.06990579542872,
        27.20461152717737
    ],
    "unc": [
        7.247712364703637,
        77.30824299844434,
        0.4237101350594058,
        11.481847377119387
    ],
    "spec_weight": 0.1492399129463504,
    "unc_weight": 0.37957775592803955
}