{
    "spec": [
        4.7577570142872,
        8.387524904232802,
        17.990784160772833,
        31.068942135554266
    ],
    "unc": [
        2.84496060038543,
        27.4849887208188,
        0.546340509676132,
        102.45159206450813
    ],
    "spec_weight": 0.1022993811306824,
    "unc_weight": 0.3614657521247864
}