{
    "spec": [
        25.104319687454613,
        42.470857439671214,
        8.140225115832111,
        14.612834060482447
    ],
    "unc": [
        2.84496060038543,
        27.4849887208188,
        0.546340509676132,
        102.45159206450813
    ],
    "spec_weight": 0.6208027516656455,
    "unc_weight": 0.3614657521247864
}