{
    "spec": [
        5.432552255601316,
        7.500998574971912,
        16.011659129351216,
        30.643510545681636
    ],
    "unc": [
        0.7286746138150204,
        14.771795542012653,
        0.521511538758695,
        379.2028998900007
    ],
    "spec_weight": 0.13092217999390202,
    "unc_weight": 0.47486570477485657
}