{
    "spec": [
        5.409869501214825,
        7.038526494298546,
        15.398013795696162,
        29.385586580821403
    ],
    "unc": [
        0.7286746138150204,
        14.771795542012653,
        0.521511538758695,
        379.2028998900007
    ],
    "spec_weight": 0.10353278984180311,
    "unc_weight": 0.47486570477485657
}