{
    "spec": [
        5.317241988089111,
        4.9989457301597575,
        15.526442202855051,
        21.974957677802358
    ],
    "unc": [
        1.5142779814083642,
        15.186158531511415,
        0.825700783551657,
        102.7367641809506
    ],
    "spec_weight": 0.0581533089975764,
    "unc_weight": 0.38847067952156067
}