{
    "spec": [
        6.154219309488235,
        4.930450330442136,
        15.13313973739956,
        21.39560496379819
    ],
    "unc": [
        1.5142779814083642,
        15.186158531511415,
        0.825700783551657,
        102.7367641809506
    ],
    "spec_weight": 0.03986515229537134,
    "unc_weight": 0.38847067952156067
}