{
    "spec": [
        3.2866311145005978,
        4.571164841493917,
        9.486267212178703,
        17.652242369688697
    ],
    "unc": [
        9.186775933506064,
        109.70385586298345,
        0.4545686519164805,
        19.36907689735107
    ],
    "spec_weight": 0.07164028121523808,
    "unc_weight": 0.2954307496547699
}