{
    "spec": [
        2.627921193801568,
        4.256925238022066,
        9.23464531826534,
        18.103415061957413
    ],
    "unc": [
        6.7747110646002895,
        113.39208308365782,
        0.7559719889130513,
        15.403066254806673
    ],
    "spec_weight": 0.055535348509651854,
    "unc_weight": 0.53853839635849
}