{
    "spec": [
        1412.7555874019536,
        1885.5258672729033,
        1412.7555874019536,
        1885.5258672729033
    ],
    "unc": [
        2.6205814550618514,
        33.25051159374296,
        0.5046751058675598,
        89.06571508943605
    ],
    "spec_weight": NaN,
    "unc_weight": 0.6231482625007629
}