{
    "spec": [
        16.43508851197149,
        31.753748586994455,
        5.75966525638177,
        9.846663297218285
    ],
    "unc": [
        2.6205814550618514,
        33.25051159374296,
        0.5046751058675598,
        89.06571508943605
    ],
    "spec_weight": 0.7946789881966873,
    "unc_weight": 0.6231482625007629
}