{
    "spec": [
        23.515110741204612,
        39.69820918860641,
        6.479647006041587,
        10.225517667454806
    ],
    "unc": [
        2.280415830838576,
        27.090757491900856,
        0.7836679081567361,
        103.35241149846519
    ],
    "spec_weight": 0.84997693873159,
    "unc_weight": 0.42723071575164795
}