{
    "spec": [
        4.514809766987899,
        6.6554303296532735,
        20.959240579134597,
        35.33570175975332
    ],
    "unc": [
        2.280415830838576,
        27.090757491900856,
        0.7836679081567361,
        103.35241149846519
    ],
    "spec_weight": 0.06332525487002125,
    "unc_weight": 0.42723071575164795
}