{
    "spec": [
        5.734692657428331,
        12.422463646300331,
        5.015720460322848,
        12.903693586999832
    ],
    "unc": [
        0.5229782854345267,
        18.05310691240088,
        0.6040458403236283,
        1667.0501637834448
    ],
    "spec_weight": 0.2872293909013927,
    "unc_weight": 0.616198718547821
}