{
    "spec": [
        5.581201411307939,
        12.357983533476464,
        5.0125553309991995,
        12.816443888971051
    ],
    "unc": [
        0.5229782854345267,
        18.05310691240088,
        0.6040458403236283,
        1667.0501637834448
    ],
    "spec_weight": 0.30281445270204355,
    "unc_weight": 0.616198718547821
}