{
    "spec": [
        6.222758965977683,
        11.864143983389845,
        5.269889505082323,
        18.254637232389403
    ],
    "unc": [
        0.3658280176956061,
        20.555254804131014,
        0.5768569485896419,
        3343.080931631869
    ],
    "spec_weight": 0.3394180965629739,
    "unc_weight": 0.36564090847969055
}