{
    "spec": [
        6.476818060425176,
        12.087671305200814,
        5.2800987853608605,
        18.210383508055127
    ],
    "unc": [
        0.3658280176956061,
        20.555254804131014,
        0.5768569485896419,
        3343.080931631869
    ],
    "spec_weight": 0.3221703144409907,
    "unc_weight": 0.36564090847969055
}