{
    "spec": [
        5.178125755106642,
        7.017749837642481,
        6.815824257314116,
        14.757925233120082
    ],
    "unc": [
        11.796623203410299,
        65.95959570702304,
        1.3343917008070947,
        11.990072724390949
    ],
    "spec_weight": 0.3436664356231272,
    "unc_weight": 0.5266017317771912
}