{
    "spec": [
        5.228791343163068,
        7.007856455364029,
        6.776223398980311,
        14.634244588952923
    ],
    "unc": [
        11.796623203410299,
        65.95959570702304,
        1.3343917008070947,
        11.990072724390949
    ],
    "spec_weight": 0.3318789379808774,
    "unc_weight": 0.5266017317771912
}