{
    "spec": [
        6.943831577726417,
        7.208206654355336,
        7.489367943164064,
        9.508741047960859
    ],
    "unc": [
        5.7944615884765485,
        44.00994028606633,
        1.3113439694362805,
        12.707914235461185
    ],
    "spec_weight": 0.4035876371500246,
    "unc_weight": 0.4957889914512634
}