{
    "spec": [
        7.155792835907019,
        7.364322365870315,
        7.495615016414134,
        9.685605380334417
    ],
    "unc": [
        5.7944615884765485,
        44.00994028606633,
        1.3113439694362805,
        12.707914235461185
    ],
    "spec_weight": 0.43378423636534147,
    "unc_weight": 0.4957889914512634
}