{
    "spec": [
        9.134962793760428,
        10.001215410898958,
        6.39148939350759,
        8.399523437859294
    ],
    "unc": [
        8.955370077694562,
        90.01989286131626,
        1.1068306933067473,
        19.362414240947576
    ],
    "spec_weight": 0.3959748006653181,
    "unc_weight": 0.18283496797084808
}