{
    "spec": [
        9.023396880926871,
        9.790010207676842,
        6.4371190882403715,
        8.590707494011204
    ],
    "unc": [
        8.955370077694562,
        90.01989286131626,
        1.1068306933067473,
        19.362414240947576
    ],
    "spec_weight": 0.4230121157176672,
    "unc_weight": 0.18283496797084808
}