{
    "spec": [
        13.429927575652673,
        17.730275560779354,
        7.009483417426631,
        9.736499758600907
    ],
    "unc": [
        1.6300216317208722,
        18.802782725715726,
        0.7705495069629305,
        139.25747028771744
    ],
    "spec_weight": 0.4127099517392054,
    "unc_weight": 0.4404431879520416
}