{
    "spec": [
        13.682910362574399,
        18.05039853493422,
        7.069746770373845,
        9.809672928269768
    ],
    "unc": [
        1.6300216317208722,
        18.802782725715726,
        0.7705495069629305,
        139.25747028771744
    ],
    "spec_weight": 0.39386168986595566,
    "unc_weight": 0.4404431879520416
}