{
    "spec": [
        10.614056208754485,
        10.319833684299155,
        4.753252030253742,
        7.784907229593978
    ],
    "unc": [
        4.094534513976893,
        21.317249191410756,
        0.5041711895429882,
        25.364968633908994
    ],
    "spec_weight": 0.3574326687954759,
    "unc_weight": 0.422780305147171
}