{
    "spec": [
        11.03104699036249,
        10.627879007500997,
        4.741710598667763,
        7.657722166476089
    ],
    "unc": [
        4.094534513976893,
        21.317249191410756,
        0.5041711895429882,
        25.364968633908994
    ],
    "spec_weight": 0.33432076868604005,
    "unc_weight": 0.422780305147171
}