{
    "spec": [
        4.707299531072051,
        5.36671008847214,
        8.736232978631762,
        10.942542839312848
    ],
    "unc": [
        3.0644143069481307,
        20.52840441031882,
        0.4600521160671819,
        45.09883817809681
    ],
    "spec_weight": 0.3568085599635757,
    "unc_weight": 0.3834857940673828
}