{
    "spec": [
        4.623506848673577,
        5.246734162504961,
        8.607675637617584,
        10.76824252291628
    ],
    "unc": [
        3.0644143069481307,
        20.52840441031882,
        0.4600521160671819,
        45.09883817809681
    ],
    "spec_weight": 0.3313239019530685,
    "unc_weight": 0.3834857940673828
}