{
    "spec": [
        8.034476499783658,
        7.521762296151954,
        8.076242784265784,
        8.784851798506482
    ],
    "unc": [
        0.6998879693867308,
        6.338924163850256,
        0.4465404973433302,
        241.62024497969853
    ],
    "spec_weight": 0.4279029903573264,
    "unc_weight": 0.40883269906044006
}