{
    "spec": [
        8.550937972119632,
        7.853325324387529,
        7.8924611828644045,
        8.822010320086353
    ],
    "unc": [
        0.6998879693867308,
        6.338924163850256,
        0.4465404973433302,
        241.62024497969853
    ],
    "spec_weight": 0.4660527265183936,
    "unc_weight": 0.40883269906044006
}