{
    "spec": [
        6.742127416601742,
        6.034412281642694,
        9.77887144233249,
        11.043179855283858
    ],
    "unc": [
        6.792502409263029,
        49.73301534596185,
        0.5484247832701957,
        8.529349642335104
    ],
    "spec_weight": 0.4287268735561566,
    "unc_weight": 0.3368196487426758
}