{
    "spec": [
        6.669266668193837,
        5.912620638162949,
        9.625386636485574,
        10.792555025230785
    ],
    "unc": [
        6.792502409263029,
        49.73301534596185,
        0.5484247832701957,
        8.529349642335104
    ],
    "spec_weight": 0.39401488375920746,
    "unc_weight": 0.3368196487426758
}