{
    "spec": [
        6.6050123238238605,
        8.498494020915142,
        4.637203096444141,
        7.4660293146394325
    ],
    "unc": [
        0.6748243670819263,
        6.632012391788273,
        0.846219671430808,
        270.9400515678997
    ],
    "spec_weight": 0.38184321634114615,
    "unc_weight": 0.4274974763393402
}