{
    "spec": [
        6.681347345856054,
        8.632075812834563,
        4.630844151843092,
        7.378977919478057
    ],
    "unc": [
        0.6748243670819263,
        6.632012391788273,
        0.846219671430808,
        270.9400515678997
    ],
    "spec_weight": 0.35954447597134404,
    "unc_weight": 0.4274974763393402
}