{
    "spec": [
        16.35420719298387,
        25.050931526402138,
        5.900288402891491,
        12.439010579194616
    ],
    "unc": [
        3.1450597924639014,
        55.48570336398666,
        0.4855417974430265,
        151.4551530431071
    ],
    "spec_weight": 0.41931304791615814,
    "unc_weight": 0.5633653998374939
}