{
    "spec": [
        16.167329915192326,
        24.8078836136184,
        5.882576681568381,
        12.433188720422581
    ],
    "unc": [
        3.1450597924639014,
        55.48570336398666,
        0.4855417974430265,
        151.4551530431071
    ],
    "spec_weight": 0.42610781641494294,
    "unc_weight": 0.5633653998374939
}