{
    "spec": [
        13.926516397251635,
        18.617575550312225,
        5.757409449570528,
        12.187344364148581
    ],
    "unc": [
        9.133534455009194,
        88.30360544021717,
        0.5518461182564437,
        13.886080776245755
    ],
    "spec_weight": 0.3347832353801005,
    "unc_weight": 0.26015764474868774
}