{
    "spec": [
        14.23548662743129,
        18.962168093710485,
        5.74450208239857,
        12.069151990239737
    ],
    "unc": [
        9.133534455009194,
        88.30360544021717,
        0.5518461182564437,
        13.886080776245755
    ],
    "spec_weight": 0.32176715893348556,
    "unc_weight": 0.26015764474868774
}