{
    "spec": [
        8.538959968297188,
        10.893721616891641,
        5.9799083321191775,
        9.412525704945914
    ],
    "unc": [
        0.5464484560959901,
        7.17885392282101,
        0.6054989908641537,
        419.12393276690267
    ],
    "spec_weight": 0.387182406341517,
    "unc_weight": 0.4678412079811096
}