{
    "spec": [
        8.636136001001297,
        11.055047180807911,
        5.965310076476941,
        9.305801212092385
    ],
    "unc": [
        0.5464484560959901,
        7.17885392282101,
        0.6054989908641537,
        419.12393276690267
    ],
    "spec_weight": 0.36667396714294614,
    "unc_weight": 0.4678412079811096
}