{
    "spec": [
        13.366599519381882,
        18.80251202366743,
        4.995073605976017,
        9.707091274609486
    ],
    "unc": [
        0.6610705782346574,
        14.990802484145856,
        0.5462673887172838,
        485.1428552705092
    ],
    "spec_weight": 0.3752002627989122,
    "unc_weight": 0.4460410475730896
}