{
    "spec": [
        13.613097495802831,
        19.090563541283288,
        5.016489318327116,
        9.71795946569623
    ],
    "unc": [
        0.6610705782346574,
        14.990802484145856,
        0.5462673887172838,
        485.1428552705092
    ],
    "spec_weight": 0.36561178203889,
    "unc_weight": 0.4460410475730896
}