{
    "spec": [
        13.80082084694195,
        23.59244077592783,
        5.383745216872618,
        10.316991389533321
    ],
    "unc": [
        0.9152853367692385,
        12.690695468701016,
        0.6964118399517154,
        151.50603437258638
    ],
    "spec_weight": 0.3961686210552132,
    "unc_weight": 0.3418700397014618
}