{
    "spec": [
        13.982538152963981,
        23.86401265751072,
        5.4143182380208135,
        10.369429215370996
    ],
    "unc": [
        0.9152853367692385,
        12.690695468701016,
        0.6964118399517154,
        151.50603437258638
    ],
    "spec_weight": 0.38739817552159705,
    "unc_weight": 0.3418700397014618
}