{
    "spec": [
        10.507692849705734,
        16.376040886984402,
        3.8207782147114573,
        8.391003995429601
    ],
    "unc": [
        8.89978732979708,
        145.9013400727863,
        0.5109645124993484,
        23.74882724699811
    ],
    "spec_weight": 0.3801616587554156,
    "unc_weight": 0.17076073586940765
}