{
    "spec": [
        10.745503530323372,
        16.670160546172855,
        3.8440501667862033,
        8.412652496604709
    ],
    "unc": [
        8.89978732979708,
        145.9013400727863,
        0.5109645124993484,
        23.74882724699811
    ],
    "spec_weight": 0.3688586523127985,
    "unc_weight": 0.17076073586940765
}