{
    "spec": [
        5.509132920032421,
        9.549325868174941,
        4.891921777732915,
        10.28671657185396
    ],
    "unc": [
        10.34768483375605,
        279.780624693778,
        0.6453547106905045,
        24.195831210369306
    ],
    "spec_weight": 0.31902075689184745,
    "unc_weight": 0.2063302844762802
}