{
    "spec": [
        5.480028998863455,
        9.547231083608324,
        4.889388776937,
        10.304428562722878
    ],
    "unc": [
        10.34768483375605,
        279.780624693778,
        0.6453547106905045,
        24.195831210369306
    ],
    "spec_weight": 0.3355224271741986,
    "unc_weight": 0.2063302844762802
}