{
    "spec": [
        12.230559733353093,
        18.338806942875294,
        5.652597643629724,
        11.568843350134904
    ],
    "unc": [
        10.665315142057501,
        206.31026149278725,
        0.478421309453507,
        19.028379748788936
    ],
    "spec_weight": 0.3288322273933325,
    "unc_weight": 0.18354883790016174
}