{
    "spec": [
        11.988031920384845,
        18.049954267508305,
        5.633905845024294,
        11.572812086008813
    ],
    "unc": [
        10.665315142057501,
        206.31026149278725,
        0.478421309453507,
        19.028379748788936
    ],
    "spec_weight": 0.34096296697444906,
    "unc_weight": 0.18354883790016174
}