{
    "spec": [
        21.95974928511346,
        41.07353853932288,
        8.230641479226508,
        20.456134688212266
    ],
    "unc": [
        1.3629817923374667,
        14.937379706387011,
        0.8426898255944583,
        160.13138317649137
    ],
    "spec_weight": 0.4673219348132718,
    "unc_weight": 0.40172824263572693
}