{
    "spec": [
        22.09986451294907,
        41.29905502830485,
        8.245641439208633,
        20.460622457378207
    ],
    "unc": [
        1.3629817923374667,
        14.937379706387011,
        0.8426898255944583,
        160.13138317649137
    ],
    "spec_weight": 0.4629302655160954,
    "unc_weight": 0.40172824263572693
}